index,category,theme,text,why_important,metrics_impact,negative_for_business,business_metrics
0,Люди,Agile-мышление,"Команда формулирует цель спринта как измеримый результат или ценность для пользователя, а не как список задач. Пояснение: команда понимает, какой эффект создаёт для пользователя или бизнеса, а не просто выполняет задачи; у цели есть понятный критерий успеха. Пример: не «сделать 5 задач», а «ускорить поиск товара для пользователя».","Фокусирует работу команды на результате, а не на механическом закрытии задач.","Достижение цели спринта, поставленная бизнес-ценность","Спринты завершаются без достижения бизнес-результата, растёт доля работы без ценности для клиента.","Влияние на бизнес при ответе «Да»: Sprint Goal Success Rate или доля задач, давших измеримую клиентскую ценность. Для карточного продукта как бизнес-эффект второго уровня можно отслеживать Feature Adoption Rate или Time to First Transaction по изменениям, вошедшим в спринт. Команды, которые придерживаются этой практики, в среднем демонстрируют указанные эффекты в рамках продукта. (На примере анализа данных из Citibank, Deutsche Bank.)"
1,Люди,Agile-мышление,"Команда использует цель спринта при принятии решений о приоритетах и изменениях в течение спринта. Пояснение: при любых изменениях команда сверяется с целью и оценивает, помогает ли это её достижению. Пример: новая задача добавляется только если она не мешает цели спринта.",Помогает сохранять фокус и не распыляться на несвязанные задачи.,"Время цикла, стабильность объёма, достижение цели спринта","Растёт объём незапланированной работы, увеличивается Cycle Time, падает вероятность достижения цели спринта.","Влияние на бизнес при ответе «Да»: Lead Time for Change и доля релизов, связанных с целью спринта. Если цель спринта затрагивает клиентский путь, бизнес-метрикой второго уровня могут быть Approved to Activated Rate или First Transaction Rate. Команды, которые придерживаются этой практики, в среднем демонстрируют указанные эффекты в рамках продукта. (На примере анализа данных из Citibank, Deutsche Bank.)"
2,Люди,Agile-мышление,"Команда использует продуктовые данные и метрики при обсуждении задач, решений и приоритетов. Пояснение: решения принимаются на основе данных, а не только мнений. Пример: перед изменением функции команда смотрит на метрики и влияние на конверсию.","Позволяет выбирать работу по ожидаемому эффекту, а не по мнению самого громкого заказчика или владельца продукта.","Внедрение эпиков и историй, конверсия, влияние на выручку, удержание","Эпики и истории реализуются без измеримого эффекта, замедляется рост продуктовых и бизнес-метрик.","Влияние на бизнес при ответе «Да»: Доля решений, принятых на основе данных, Feature Adoption Rate и Conversion to Key Action. Для карточного или кредитного продукта следующим уровнем могут быть Retention Rate, Active Cards Rate или конверсия в целевое действие. Команды, которые придерживаются этой практики, в среднем демонстрируют указанные эффекты в рамках продукта. (На примере анализа данных из Citibank, Deutsche Bank.)"
3,Люди,Кросс-функциональность,"Команда поддерживает в актуальном состоянии информацию о навыках участников (например, матрицу компетенций). Пояснение: команда понимает, кто какими навыками обладает, и регулярно обновляет эту информацию. Пример: матрица компетенций обновляется раз в квартал.",Даёт прозрачность по доступной экспертизе и помогает управлять рисками знания.,"Зависимость от ключевых людей, время реализации изменений, риск поставки","Критичные задачи задерживаются из-за того, что нужная экспертиза неизвестна или недоступна.","Влияние на бизнес при ответе «Да»: Lead Time for Change, доля задач без resource bottleneck и время вывода изменений. Для банковского продукта бизнес-эффект второго уровня — более быстрый запуск карточных или кредитных фич и рост Activation Rate. Команды, которые придерживаются этой практики, в среднем демонстрируют указанные эффекты в рамках продукта. (На примере анализа данных из Citibank, Deutsche Bank.)"
4,Люди,Кросс-функциональность,"В команде регулярно происходит передача знаний между участниками. Пояснение: знания не остаются у отдельных людей, а распространяются внутри команды. Пример: парная работа, код-ревью, внутренние доклады.",Снижает зависимость от отдельных экспертов и повышает устойчивость команды.,"Время восстановления, непрерывность разработки, зависимость от ключевых людей",Отсутствие одного специалиста резко увеличивает время решения проблем и может останавливать поставку.,"Влияние на бизнес при ответе «Да»: Bus Factor, Defect Rate и стабильность поставки. Для карточного направления вторым уровнем можно отслеживать Active Cards Rate, Transaction Success Rate или Retention после релизов. Команды, которые придерживаются этой практики, в среднем демонстрируют указанные эффекты в рамках продукта. (На примере анализа данных из Citibank, Deutsche Bank.)"
5,Люди,Кросс-функциональность,"Ключевые компетенции в команде покрыты более чем одним участником. Пояснение: нет зависимости от одного человека — есть взаимозаменяемость. Пример: если один специалист отсутствует, другой может продолжить работу.","Снижает операционные риски и делает команду менее уязвимой к отпуску, болезни или уходу сотрудника.","Риск поставки, время реализации изменений, пропускная способность команды",Уход или недоступность одного человека приводит к срыву сроков и падению пропускной способности команды.,"Влияние на бизнес при ответе «Да»: Change Failure Rate, MTTR и устойчивостью поставки, а не сразу с финансовым результатом. Для банка дальним бизнес-эффектом может быть снижение потерь от инцидентов и стабильность клиентской активности. Команды, которые придерживаются этой практики, в среднем демонстрируют указанные эффекты в рамках продукта. (На примере анализа данных из Citibank, Deutsche Bank.)"
6,Люди,Вовлеченность команды,Команда самостоятельно принимает большинство технических решений в рамках своей зоны ответственности. Пояснение: команда сама обсуждает и принимает решения без постоянной зависимости от внешних ролей. Пример: команда выбирает техническое решение без обязательного согласования с архитектором.,Ускоряет работу и повышает ответственность за результат.,"Время реализации изменений, время принятия решений","Решения задерживаются из-за лишних согласований, скорость поставки падает.","Влияние на бизнес при ответе «Да»: Decision Latency, Lead Time for Change и Deployment Frequency. Если команда влияет на клиентский путь, как бизнес-метрики второго уровня подойдут Time to First Transaction или First Transaction Rate. Команды, которые придерживаются этой практики, в среднем демонстрируют указанные эффекты в рамках продукта. (На примере анализа данных из Citibank, Deutsche Bank.)"
7,Люди,Вовлеченность команды,"Команда выполняет большинство action items, принятых на ретроспективах. Пояснение: договорённости с ретроспектив реально внедряются в работу.","Показывает, что команда реально улучшает процесс, а не просто обсуждает проблемы.","Темп улучшения процессов, время цикла, частота дефектов","Одни и те же проблемы повторяются, процессы не улучшаются, потери времени и дефекты сохраняются.","Влияние на бизнес при ответе «Да»: Action Item Closure Rate, Rework Rate и Defect Escape Rate. Команды, которые придерживаются этой практики, в среднем демонстрируют указанные эффекты в рамках продукта. (На примере анализа данных из Citibank, Deutsche Bank.)"
8,Люди,Вовлеченность команды,"Команда понимает цели своей работы на уровне спринта, квартала или продукта и может их объяснить. Пояснение: участники видят связь между своей работой и целями продукта. Пример: разработчик может объяснить, как его задача влияет на продуктовую цель.",Связывает ежедневную работу команды с ожидаемым результатом для бизнеса.,"Поставленная бизнес-ценность, согласованность целей, достижение цели спринта","Команда закрывает задачи без понимания их ценности, ресурсы тратятся на низкоприоритетную работу.","Влияние на бизнес при ответе «Да»: Goal Alignment Rate и долей задач, связанных с OKR или North Star Metric продукта. Как второй уровень можно отслеживать Feature Adoption, Conversion to Key Action или Active Cards Rate. Команды, которые придерживаются этой практики, в среднем демонстрируют указанные эффекты в рамках продукта. (На примере анализа данных из Citibank, Deutsche Bank.)"
9,Люди,Автономия в принятии решений,"Команда самостоятельно распределяет задачи между участниками с учётом загрузки и контекста. Пояснение: задачи распределяются внутри команды, а не назначаются сверху. Пример: команда договаривается, кто берёт задачи на спринт.",Позволяет гибко управлять работой и быстрее реагировать на изменения.,"Время цикла, пропускная способность, старение незавершённой работы","Задачи распределяются неэффективно, часть людей перегружена, часть недозагружена, сроки растут.","Влияние на бизнес при ответе «Да»: Throughput, Flow Efficiency и Cycle Time. Для карточного продукта бизнес-эффект второго уровня — более быстрый вывод изменений, влияющих на Active Cards Rate или Monthly Spend per Card. Команды, которые придерживаются этой практики, в среднем демонстрируют указанные эффекты в рамках продукта. (На примере анализа данных из Citibank, Deutsche Bank.)"
10,Люди,Автономия в принятии решений,Команда участвует в обсуждении и уточнении приоритетов задач вместе с владельцем продукта и менеджером продукта. Пояснение: команда вовлечена в приоритизацию и может на неё влиять. Пример: участники предлагают изменения в порядке задач.,"Позволяет учитывать технические риски, зависимости и реальную стоимость реализации.","Предсказуемость поставки, время реализации изменений",В работу попадают задачи с нереалистичными сроками или высоким техническим риском.,"Влияние на бизнес при ответе «Да»: Доля задач, приоритизированных по критериям ценности, риска и затрат, а также с Time to Market для high-value инициатив. Для кредитных продуктов бизнес-эффект второго уровня — более стабильная конверсия заявки по целевым сегментам. Команды, которые придерживаются этой практики, в среднем демонстрируют указанные эффекты в рамках продукта. (На примере анализа данных из Citibank, Deutsche Bank.)"
11,Люди,Автономия в принятии решений,Команда принимает операционные решения по работе без обязательного утверждения менеджером продукта (dPO) или техническим лидером в каждом случае.,Сокращает время на согласования и ускоряет выполнение работы.,"Время принятия решений, скорость поставки","Каждое изменение или решение тормозится согласованиями с менеджером продукта (dPO) или техническим лидером, скорость команды падает.","Влияние на бизнес при ответе «Да»: Decision Latency и Lead Time for Change. Если команда быстро принимает операционные решения, вторым уровнем можно отслеживать Time to First Transaction, Transaction Success Rate или Interchange Revenue по релизам. Команды, которые придерживаются этой практики, в среднем демонстрируют указанные эффекты в рамках продукта. (На примере анализа данных из Citibank, Deutsche Bank.)"
12,Люди,Обучение и передача знаний,"В команде регулярно проходят активности по обмену знаниями: внутренние доклады, демонстрации, разборы решений или парная работа.",Повышает общий уровень экспертизы и помогает быстрее масштабировать знания.,"Зависимость от ключевых людей, эффективность разработки, время онбординга","Команда медленнее учится, новые сотрудники дольше входят в работу, экспертиза концентрируется у немногих.","Влияние на бизнес при ответе «Да»: Ramp-up Time, Defect Rate и Rework Rate. Для продуктового результата вторым уровнем можно смотреть на скорость вывода изменений и конверсию в ключевое действие после релиза. Команды, которые придерживаются этой практики, в среднем демонстрируют указанные эффекты в рамках продукта. (На примере анализа данных из Citibank, Deutsche Bank.)"
13,Люди,Обучение и передача знаний,В рабочем процессе команды выделяется время на обучение и развитие компетенций.,Позволяет поддерживать актуальность навыков и осваивать новые подходы без перегрузки.,"Продуктивность разработки, метрики качества, время внедрения новых технологий","Команда устаревает по компетенциям, хуже адаптируется к новым требованиям и технологиям.","Влияние на бизнес при ответе «Да»: Quality of Delivery, количеством дефектов и скоростью адаптации команды к новым требованиям. Для кредитного контура лучше использовать Policy Change Lead Time, а не напрямую Delinquency Rate. Команды, которые придерживаются этой практики, в среднем демонстрируют указанные эффекты в рамках продукта. (На примере анализа данных из Citibank, Deutsche Bank.)"
14,Люди,Обучение и передача знаний,"Ключевые знания (о системах, платформах, бизнес-процессах) внутри команды распределены между несколькими участниками, а не сосредоточены у одного эксперта.",Снижает риск блокировки работы и делает команду устойчивее.,"Время выполнения, риск поставки, зависимость от ключевых людей","Один узкий эксперт становится точкой отказа, и работа команды зависит от его доступности.","Влияние на бизнес при ответе «Да»: Key Person Dependency, Release Predictability и MTTR. Для банка дальним бизнес-эффектом может быть непрерывность сервиса и снижение потерь от срыва релизов. Команды, которые придерживаются этой практики, в среднем демонстрируют указанные эффекты в рамках продукта. (На примере анализа данных из Citibank, Deutsche Bank.)"
15,Люди,Культура обратной связи,Участники команды регулярно дают друг другу конструктивную обратную связь по работе и взаимодействию.,Помогает быстрее замечать проблемы и усиливать сильные стороны команды.,"Вовлечённость сотрудников, результативность команды, дефекты ушедшие в прод","Ошибки в коммуникации и качестве работы накапливаются, вовлечённость и результативность снижаются.","Влияние на бизнес при ответе «Да»: Defect Escape Rate, Customer Complaints и скорость устранения проблем. Как следующий уровень можно отслеживать Retention Rate, App Rating или удовлетворённость пользователей. Команды, которые придерживаются этой практики, в среднем демонстрируют указанные эффекты в рамках продукта. (На примере анализа данных из Citibank, Deutsche Bank.)"
16,Люди,Культура обратной связи,"В команде есть регулярные форматы для обратной связи, например ретроспективы, peer review или 1:1.","Делает обратную связь системной, а не случайной.","Удовлетворённость сотрудников, удержание, темп улучшения процессов","Проблемы обсуждаются эпизодически, важные сигналы теряются, растёт риск конфликтов и выгорания.","Влияние на бизнес при ответе «Да»: Action Item Closure Rate, Time to Resolve Team Issues и стабильностью процесса. Для продукта вторым уровнем подойдут Change Failure Rate и качество поставки, а не прямой Churn клиентов. Команды, которые придерживаются этой практики, в среднем демонстрируют указанные эффекты в рамках продукта. (На примере анализа данных из Citibank, Deutsche Bank.)"
17,Люди,Культура обратной связи,"Команда использует обратную связь для изменения поведения, процесса или подходов к работе. Пояснение: полученная обратная связь внутри команды не игнорируется, а приводит к конкретным изменениям — в поведении участников или в рабочих процессах. Пример: по итогам обратной связи команда меняет формат планирования, улучшает процесс тестирования или договаривается о новых правилах взаимодействия.","Показывает, что обратная связь превращается в улучшения, а не остаётся словами.","Эффективность процессов, результативность команды, вовлечённость сотрудников","Обратная связь не приводит к изменениям, поэтому проблемы повторяются и демотивируют команду.","Влияние на бизнес при ответе «Да»: Rework Rate, Cycle Time и Cost of Poor Quality. Команды, которые придерживаются этой практики, в среднем демонстрируют указанные эффекты в рамках продукта. (На примере анализа данных из Citibank, Deutsche Bank.)"
18,Люди,Лидерство в команде,Участники команды берут на себя лидерство в отдельных вопросах или инициативах в зависимости от экспертизы.,Распределённое лидерство повышает устойчивость и скорость принятия решений.,"Время принятия решений, автономия команды, стабильность поставки","Все сложные вопросы стекаются к одному человеку, что создаёт узкое место и тормозит команду.","Влияние на бизнес при ответе «Да»: Decision Latency, Throughput и Cycle Time. Если лидерство распределено по экспертизе, команда быстрее продвигает инициативы и снижает время ожидания решений. Команды, которые придерживаются этой практики, в среднем демонстрируют указанные эффекты в рамках продукта. (На примере анализа данных из Citibank, Deutsche Bank.)"
19,Люди,Лидерство в команде,"Разные участники команды ведут встречи, инициативы или рабочие обсуждения, а не один и тот же человек всегда.",Развивает лидерские навыки и снижает зависимость команды от одного ведущего (скрам-мастера или менеджера продукта).,"Автономия команды, рост сотрудников, эффективность встреч","Команда остаётся зависимой от одного ведущего, хуже масштабируется и медленнее развивается.","Влияние на бизнес при ответе «Да»: Delivery continuity, снижение зависимости от одного человека и устойчивость фасилитации командных процессов. Как косвенный эффект можно отслеживать стабильность поставки и меньшее число срывов. Команды, которые придерживаются этой практики, в среднем демонстрируют указанные эффекты в рамках продукта. (На примере анализа данных из Citibank, Deutsche Bank.)"
20,Люди,Лидерство в команде,"Команда способна самоорганизоваться и распределить ответственность в сложной или нестандартной ситуации. Пояснение: в нестандартных условиях команда не ждёт указаний извне, а самостоятельно договаривается, кто за что отвечает, и действует скоординированно. Пример: при инциденте на продакшене команда быстро распределяет роли, начинает разбираться в проблеме и устранять её без ожидания указаний от менеджера.",Показывает зрелость команды и её способность сохранять результат при изменениях или кризисе.,"Стабильность поставки, время реакции на инциденты, устойчивость команды","В нестабильных ситуациях команда теряет темп, растёт время реакции на инциденты и риск срыва поставки.","Влияние на бизнес при ответе «Да»: MTTR, Incident Loss и Service Availability. В банковских продуктах это особенно важно для снижения потерь от инцидентов и поддержания стабильности операций. Команды, которые придерживаются этой практики, в среднем демонстрируют указанные эффекты в рамках продукта. (На примере анализа данных из Citibank, Deutsche Bank.)"
21,Фреймворк,Цели команды и стрима,"Команда знает цели стрима (их задаёт владелец стрима) и может сформулировать их без обращения к внешнему источнику. Пояснение: участники команды понимают, какого эффекта нужно достичь, за счёт каких действий и в какие сроки, и могут объяснить это своими словами без подсказок. Цели прозрачны и понятны всей команде. Пример: участник может описать, какой результат ожидается от стрима и как текущие задачи команды влияют на достижение этого результата.",Обеспечивает связь работы команды со стратегическим направлением.,"Согласованность целей, выполнение стратегии","Команда работает в отрыве от стратегии, ресурсы могут тратиться на второстепенные задачи.","Влияние на бизнес при ответе «Да»: Goal Awareness Rate и долей инициатив, явно связанных с целями стрима. Для банковского продукта вторым уровнем можно смотреть на долю roadmap, влияющую на Active Cards, Loan Portfolio или Transaction Volume. Команды, которые придерживаются этой практики, в среднем демонстрируют указанные эффекты в рамках продукта. (На примере анализа данных из Citibank, Deutsche Bank.)"
22,Фреймворк,Цели команды и стрима,"Команда формирует свои цели так, чтобы они были явно связаны с целями стрима.",Позволяет декомпозировать стратегию до уровня конкретной команды.,"Поставленная бизнес-ценность, согласованность целей","Командные цели не поддерживают стратегические результаты, снижается управляемость изменений.","Влияние на бизнес при ответе «Да»: Goal Alignment Rate между целями команды и целями стрима. Как бизнес-эффект второго уровня можно отслеживать долю delivered items, влияющих на выбранную продуктовую метрику, например Active Cards Rate или Loan Portfolio Growth. Команды, которые придерживаются этой практики, в среднем демонстрируют указанные эффекты в рамках продукта. (На примере анализа данных из Citibank, Deutsche Bank.)"
23,Фреймворк,Цели команды и стрима,Команда регулярно отслеживает прогресс по своим целям и обсуждает отклонения.,Позволяет вовремя замечать проблемы и менять план действий.,"Достижение целей, предсказуемость поставки","Проблемы становятся заметны слишком поздно, цели не достигаются в срок.","Влияние на бизнес при ответе «Да»: Регулярность трекинга целей, Plan vs Actual по целям и скорость реакции на отклонения. Это помогает оценивать delivery predictability и достижение бизнес-результатов по плану. Команды, которые придерживаются этой практики, в среднем демонстрируют указанные эффекты в рамках продукта. (На примере анализа данных из Citibank, Deutsche Bank.)"
24,Управление,Управление рисками,"Команда выявляет риски до начала реализации задач, инициатив или изменений.",Позволяет снижать вероятность срывов и неожиданных блокеров.,"Риск поставки, время выполнения, предсказуемость релизов","Критичные проблемы обнаруживаются поздно, сроки сдвигаются, стоимость исправлений растёт.","Влияние на бизнес при ответе «Да»: Risk Identification Rate до старта работ, Change Failure Rate и доля релизов без критичных инцидентов. Для кредитного продукта дальним эффектом может быть более стабильное качество портфеля. Команды, которые придерживаются этой практики, в среднем демонстрируют указанные эффекты в рамках продукта. (На примере анализа данных из Citibank, Deutsche Bank.)"
25,Управление,Управление рисками,"Команда фиксирует выявленные риски в явном виде: в реестре, бэклоге, доске или ином рабочем инструменте.","Делает риски видимыми и управляемыми, а не зависящими от памяти отдельных людей.","Рисковая экспозиция, стабильность поставки","Риски забываются или игнорируются, из-за чего команда повторно сталкивается с одними и теми же проблемами.","Влияние на бизнес при ответе «Да»: Risk Register Coverage, повторяемость инцидентов и прозрачность управления рисками. Это позволяет снижать потери от известных, но незафиксированных рисков. Команды, которые придерживаются этой практики, в среднем демонстрируют указанные эффекты в рамках продукта. (На примере анализа данных из Citibank, Deutsche Bank.)"
26,Управление,Управление рисками,Для значимых рисков команда определяет стратегию управления и действия по снижению последствий.,"Позволяет не просто видеть риск, а управлять его вероятностью и влиянием.","Стабильность поставки, частота инцидентов, успешность релизов","Риски реализуются без подготовки, увеличивается число срывов сроков, инцидентов и неуспешных релизов.","Влияние на бизнес при ответе «Да»: Mitigated Risk Rate, Incident Loss и доля рисков с планом действий. Для кредитного направления как бизнес-эффект второго уровня можно отслеживать снижение потерь и ухудшения качества портфеля. Команды, которые придерживаются этой практики, в среднем демонстрируют указанные эффекты в рамках продукта. (На примере анализа данных из Citibank, Deutsche Bank.)"
27,Процесс,Оценка,"Оценку задач делает команда совместно с менеджером продукта (dPO) и техническим лидером, а не один человек в одиночку.",Повышает качество оценки за счёт коллективной экспертизы и общего понимания объёма работы.,"Точность оценок, предсказуемость поставки","Оценки становятся субъективными, растёт число промахов по срокам и объёму.","Влияние на бизнес при ответе «Да»: Estimate Accuracy и Plan vs Actual Variance. Совместная оценка обычно снижает риск систематической недооценки и повышает предсказуемость поставки. Команды, которые придерживаются этой практики, в среднем демонстрируют указанные эффекты в рамках продукта. (На примере анализа данных из Citibank, Deutsche Bank.)"
28,Процесс,Оценка,"Команда оценивает задачу целиком, включая зависимости, тестирование, интеграции и скрытую работу, а не только «свою часть». Пояснение: при оценке команда учитывает не только свою зону экспертизы, но и все сопутствующие активности — передачи между участниками, ожидания, интеграции, уточнения и проверки. Оценка отражает полный объём работы. Пример: при оценке задачи учитывается не только разработка, но и время на интеграцию, тестирование, согласования и возможные задержки.",Позволяет получать реалистичную оценку полного объёма работ.,"Точность оценок, доля переноса задач, время выполнения","Задачи системно недооцениваются, увеличивается перенос работ и снижается предсказуемость.","Влияние на бизнес при ответе «Да»: Accuracy of Estimation, доля незапланированной работы и количество задач со скрытым объёмом. Это помогает снижать срывы сроков и непредвиденные издержки. Команды, которые придерживаются этой практики, в среднем демонстрируют указанные эффекты в рамках продукта. (На примере анализа данных из Citibank, Deutsche Bank.)"
29,Процесс,Оценка,Команда регулярно сравнивает оценки с фактическим результатом и обсуждает причины отклонений.,Помогает калибровать оценки и улучшать прогнозируемость.,"Точность оценок, предсказуемость поставки","Ошибки в оценке повторяются, сроки и планы остаются ненадёжными.","Влияние на бизнес при ответе «Да»: Forecast Accuracy, Plan vs Actual Variance и доля повторяющихся причин отклонений. Команды, которые придерживаются этой практики, в среднем демонстрируют указанные эффекты в рамках продукта. (На примере анализа данных из Citibank, Deutsche Bank.)"
30,Процесс,Документация,Ключевые документы или архитектурные артефакты обновляются как часть завершения задач (входят в Definition of Done).,Поддерживает документацию актуальной и полезной для команды.,"Время онбординга, эффективность разработки","Новые сотрудники дольше входят в работу, решения приходится восстанавливать по памяти.","Влияние на бизнес при ответе «Да»: Documentation Freshness, Rework Rate и Time to Onboard. Обновление документации в DoD снижает потери на повторное объяснение и ошибки при доработках. Команды, которые придерживаются этой практики, в среднем демонстрируют указанные эффекты в рамках продукта. (На примере анализа данных из Citibank, Deutsche Bank.)"
31,Процесс,Документация,"У команды есть единое место хранения документации (wiki, репозиторий знаний или аналог).",Обеспечивает единый источник правды для команды.,"Knowledge Accessibility, Decision Lead Time","Информация теряется в чатах и письмах, решения принимаются дольше.","Влияние на бизнес при ответе «Да»: Time to Find Information, Time to Onboard и скорость принятия решений. Единое хранилище документации уменьшает потери времени и повышает непрерывность работы. Команды, которые придерживаются этой практики, в среднем демонстрируют указанные эффекты в рамках продукта. (На примере анализа данных из Citibank, Deutsche Bank.)"
32,Процесс,Документация,"Команда использует документацию как источник правды при обсуждении решений или требований. Пояснение: документация актуальна и соответствует реальному состоянию системы, поэтому команда может опираться на неё при принятии решений, не проверяя дополнительно код или другие источники. Пример: при обсуждении фичи команда ориентируется на описание в документации, а не тратит время на поиск расхождений между ней и фактической реализацией.",Позволяет синхронизировать понимание между участниками.,"Эффективность разработки, частота дефектов","Разные участники работают с разным пониманием требований, растёт количество ошибок.","Влияние на бизнес при ответе «Да»: Rework Rate, Decision Latency и доля решений, опирающихся на актуальные артефакты. Это снижает риск противоречивых трактовок требований. Команды, которые придерживаются этой практики, в среднем демонстрируют указанные эффекты в рамках продукта. (На примере анализа данных из Citibank, Deutsche Bank.)"
33,Процесс,Отслеживание запросов,"Все запросы от заказчика и заинтересованных лиц фиксируются в едином инструменте (трекер, очередь, бэклог).",Повышает прозрачность и управляемость входящего потока.,"Время обработки запроса, предсказуемость поставки","Запросы теряются или выполняются хаотично, падает предсказуемость поставки.","Влияние на бизнес при ответе «Да»: Request Lead Time, SLA Adherence и доля запросов, не потерянных вне системы. Это повышает управляемость потока входящих инициатив. Команды, которые придерживаются этой практики, в среднем демонстрируют указанные эффекты в рамках продукта. (На примере анализа данных из Citibank, Deutsche Bank.)"
34,Процесс,Отслеживание запросов,Команда регулярно приоритизирует поступающие запросы вместе с владельцем продукта и заказчиком (при необходимости).,Позволяет выбирать наиболее ценные задачи.,"Поставленная бизнес-ценность, предсказуемость поставки","Команда работает над менее ценными задачами, важные запросы задерживаются.","Влияние на бизнес при ответе «Да»: Time to Prioritize, доля запросов, оценённых по ценности и риску, и backlog health. Для бизнеса это повышает вероятность своевременной реализации более ценных запросов. Команды, которые придерживаются этой практики, в среднем демонстрируют указанные эффекты в рамках продукта. (На примере анализа данных из Citibank, Deutsche Bank.)"
35,Процесс,Отслеживание запросов,Заказчик и владелец продукта могут самостоятельно увидеть статус своих запросов в системе.,Снижает нагрузку на коммуникации и повышает прозрачность.,"Удовлетворённость заказчика и владельца продукта, время решения запроса","Заказчик и владелец продукта постоянно уточняют статус, растёт время на коммуникацию.","Влияние на бизнес при ответе «Да»: Status Visibility, Time to Status Update и stakeholder satisfaction. Прозрачность статусов снижает время на ручные уточнения и ускоряет принятие решений. Команды, которые придерживаются этой практики, в среднем демонстрируют указанные эффекты в рамках продукта. (На примере анализа данных из Citibank, Deutsche Bank.)"
36,Процесс,Планирование спринта,Команда на планировании выявляет основные зависимости и блокеры будущих задач.,Позволяет заранее снижать риски реализации.,"Время выполнения, предсказуемость поставки","Зависимости обнаруживаются поздно, задачи блокируются в процессе спринта.","Влияние на бизнес при ответе «Да»: Blocker Discovery Rate до старта спринта, Dependency Delay и Sprint Predictability. Раннее выявление блокеров снижает срывы сроков и непредвиденную работу. Команды, которые придерживаются этой практики, в среднем демонстрируют указанные эффекты в рамках продукта. (На примере анализа данных из Citibank, Deutsche Bank.)"
37,Процесс,Планирование спринта,Команда формирует план спринта вместе с менеджером продукта (dPO) исходя из цели спринта и приоритетов бэклога.,Позволяет команде работать как единая система.,"Достижение цели спринта, пропускная способность",Работа становится несвязанным набором задач.,"Влияние на бизнес при ответе «Да»: % committed vs completed и доля задач, поддерживающих цель спринта. Команды, которые придерживаются этой практики, в среднем демонстрируют указанные эффекты в рамках продукта. (На примере анализа данных из Citibank, Deutsche Bank.)"
38,Процесс,Планирование спринта,Команда обсуждает риски и неопределённости задач во время планирования.,Позволяет учитывать сложность и уменьшать вероятность блокеров.,"Предсказуемость поставки, время выполнения",Неопределённости обнаруживаются поздно и увеличивают сроки.,"Влияние на бизнес при ответе «Да»: Risk Discussion Coverage, доля задач с явной неопределённостью и spillover rate. Такой вопрос хорошо связывается с предсказуемостью поставки. Команды, которые придерживаются этой практики, в среднем демонстрируют указанные эффекты в рамках продукта. (На примере анализа данных из Citibank, Deutsche Bank.)"
39,Процесс,Ретроспектива,Каждая ретроспектива начинается с проверки выполнения action items предыдущей ретроспективы.,Помогает команде отслеживать реальные изменения.,"Выполнение действий по улучшению, темп улучшения процессов",Команда забывает прошлые улучшения и повторяет те же проблемы.,"Влияние на бизнес при ответе «Да»: Action Item Closure Rate и доля повторяющихся проблем. Начинать ретро с проверки action items полезно, если это реально снижает rework и повторные сбои. Команды, которые придерживаются этой практики, в среднем демонстрируют указанные эффекты в рамках продукта. (На примере анализа данных из Citibank, Deutsche Bank.)"
40,Процесс,Ретроспектива,"Команда обсуждает на ретроспективе как процесс, так и взаимодействие внутри команды.","Позволяет улучшать как процесс, так и командную динамику.","Результативность команды, время цикла",Проблемы взаимодействия остаются нерешёнными.,"Влияние на бизнес при ответе «Да»: Team Issue Resolution Rate, Rework Rate и Cycle Time. Вопрос помогает понять, обсуждает ли команда причины проблем, а не только симптомы. Команды, которые придерживаются этой практики, в среднем демонстрируют указанные эффекты в рамках продукта. (На примере анализа данных из Citibank, Deutsche Bank.)"
41,Процесс,Ретроспектива,"Команда использует данные или метрики для анализа проблем на ретроспективе. Пояснение: при разборе проблем команда опирается не только на ощущения, но и на конкретные метрики — производительность, lead time, time-to-market, количество дефектов и инцидентов, качество кода. Это позволяет объективно оценивать эффективность работы и находить причины проблем. Пример: на ретроспективе команда анализирует рост времени выполнения задач или увеличение количества багов и на основе этого принимает решения об улучшениях.",Помогает обсуждать проблемы на основе фактов.,"Время цикла, частота дефектов","Проблемы обсуждаются на уровне мнений, а не реальных причин.","Влияние на бизнес при ответе «Да»: Data Usage in Retro, дефектность, Cycle Time и доля решений, принятых на основе фактов. Это повышает качество улучшений процесса. Команды, которые придерживаются этой практики, в среднем демонстрируют указанные эффекты в рамках продукта. (На примере анализа данных из Citibank, Deutsche Bank.)"
42,Процесс,Дейли,Дейли проводится в фиксированное время и по понятному формату.,Создаёт устойчивый рабочий ритм.,"Координация в команде, эффективность встреч",Команда теряет синхронизацию и информацию о текущем состоянии работы.,"Влияние на бизнес при ответе «Да»: Cadence adherence, WIP age и своевременность выявления блокеров. Команды, которые придерживаются этой практики, в среднем демонстрируют указанные эффекты в рамках продукта. (На примере анализа данных из Citibank, Deutsche Bank.)"
43,Процесс,Дейли,На дейли фиксируются блокеры и назначаются действия для их устранения.,Позволяет быстро устранять препятствия.,"Время устранения блокеров, время цикла",Блокеры остаются незамеченными и увеличивают время выполнения задач.,"Влияние на бизнес при ответе «Да»: Blocker Resolution Time, количество незакрытых блокеров и их влияние на Cycle Time. Это один из самых понятных индикаторов пользы дейли. Команды, которые придерживаются этой практики, в среднем демонстрируют указанные эффекты в рамках продукта. (На примере анализа данных из Citibank, Deutsche Bank.)"
44,Процесс,Дейли,Фасилитация дейли периодически распределяется между участниками команды.,Развивает ответственность и вовлечённость команды.,"Автономия команды, вовлечённость",Вся ответственность за встречи ложится на скрам-мастера или менеджера продукта (dPO).,"Влияние на бизнес при ответе «Да»: Facilitation distribution и снижение зависимости от одного участника. Как косвенный эффект можно отслеживать устойчивость командных ритмов и непрерывность работы. Команды, которые придерживаются этой практики, в среднем демонстрируют указанные эффекты в рамках продукта. (На примере анализа данных из Citibank, Deutsche Bank.)"
45,Инженерия,Поставка инкремента,"Инкремент в конце спринта протестирован и стабилен. Пояснение: результат спринта доведён до состояния «готово» — он не только реализован, но и полностью протестирован и стабилен. Инкремент не содержит незавершённых частей или отложенного тестирования, даже если он не всегда сразу выпускается в продакшен. Пример: задача считается завершённой, если она разработана, протестирована и готова к выпуску, даже если фактический релиз происходит позже.",Поддерживает качество продукта.,"Частота дефектов, стабильность релизов",Увеличивается количество дефектов после релиза.,"Влияние на бизнес при ответе «Да»: Defect Escape Rate, release stability и Change Failure Rate. Для банка это влияет на Transaction Success Rate, количество жалоб и потери от инцидентов. Команды, которые придерживаются этой практики, в среднем демонстрируют указанные эффекты в рамках продукта. (На примере анализа данных из Citibank, Deutsche Bank.)"
46,Инженерия,Поставка инкремента,"Команда регулярно интегрирует изменения в общую кодовую базу. Пояснение: изменения вносятся небольшими частями и часто, без длительной работы в изолированных ветках. Это снижает количество конфликтов и упрощает интеграцию. Пример: команда регулярно сливает изменения в основную ветку, не допуская ситуаций, когда ветки живут по несколько недель и приводят к сложным конфликтам при объединении.",Позволяет избегать больших интеграционных проблем.,"Частота сбоев интеграции, время выполнения",Интеграция становится сложной и рискованной.,"Влияние на бизнес при ответе «Да»: Integration Frequency, merge delay и Lead Time for Change. Регулярная интеграция снижает риски больших конфликтов и ускоряет выпуск полезных изменений. Команды, которые придерживаются этой практики, в среднем демонстрируют указанные эффекты в рамках продукта. (На примере анализа данных из Citibank, Deutsche Bank.)"
47,Инженерия,Поставка инкремента,Команда может выпускать изменения в продакшн без сложных ручных процедур.,Ускоряет поставку ценности пользователям.,"Частота деплоев, время реализации изменений",Релизы редкие и дорогие по времени.,"Влияние на бизнес при ответе «Да»: Deployment Frequency, Lead Time for Change и Manual Effort per Release. Для карточных и кредитных продуктов это ускоряет вывод изменений в клиентский путь. Команды, которые придерживаются этой практики, в среднем демонстрируют указанные эффекты в рамках продукта. (На примере анализа данных из Citibank, Deutsche Bank.)"
48,Процесс,Демо,Демо проводится в конце каждого спринта или итерации.,Позволяет получать быструю обратную связь.,"Время цикла обратной связи, валидация эпиков и историй",Обратная связь приходит слишком поздно.,"Влияние на бизнес при ответе «Да»: Demo cadence adherence и feedback cycle time. Регулярность демо сама по себе не бизнес-метрика,. Команды, которые придерживаются этой практики, в среднем демонстрируют указанные эффекты в рамках продукта. (На примере анализа данных из Citibank, Deutsche Bank.)"
49,Процесс,Демо,"На демо демонстрируется работающий функционал, а не только отчёты или презентации.",Позволяет заказчику и владельцу продукта видеть реальный результат.,Приёмка эпиков и историй,Ошибки в понимании требований обнаруживаются поздно.,"Влияние на бизнес при ответе «Да»: Доля демонстраций с работающим функционалом и Feedback-to-Decision Time. Это повышает шанс получить обратную связь по реальной ценности, а не по презентации. Команды, которые придерживаются этой практики, в среднем демонстрируют указанные эффекты в рамках продукта. (На примере анализа данных из Citibank, Deutsche Bank.)"
50,Процесс,Демо,Обратная связь от заказчика и владельца продукта фиксируется и добавляется в бэклог.,Позволяет использовать обратную связь для развития продукта.,Темп улучшения продукта,Обратная связь теряется и не влияет на развитие продукта.,"Влияние на бизнес при ответе «Да»: Feedback Capture Rate, Feedback-to-Backlog Conversion и time to act on feedback. Для продукта это один из ведущих индикаторов обучения на клиентской обратной связи. Команды, которые придерживаются этой практики, в среднем демонстрируют указанные эффекты в рамках продукта. (На примере анализа данных из Citibank, Deutsche Bank.)"
51,Процесс,Agile / Scrum ритмы,"У команды есть устойчивый календарь ключевых событий (planning, review, retro).",Создаёт стабильный ритм работы.,"Стабильность процесса, координация в команде",Работа команды становится хаотичной.,"Влияние на бизнес при ответе «Да»: Cadence adherence, delivery predictability и ритм принятия решений. Устойчивый календарь событий поддерживает управляемость работы, но не должен заменять реальные outcome-метрики. Команды, которые придерживаются этой практики, в среднем демонстрируют указанные эффекты в рамках продукта. (На примере анализа данных из Citibank, Deutsche Bank.)"
52,Процесс,Agile / Scrum ритмы,Большинство событий проводится по расписанию без частых отмен.,Поддерживает дисциплину процесса.,"Надёжность процесса, эффективность команды",Команда теряет регулярность улучшений и синхронизации.,"Влияние на бизнес при ответе «Да»: Event reliability и planning stability. Частые отмены встреч обычно коррелируют с ростом неопределённости и снижением предсказуемости поставки. Команды, которые придерживаются этой практики, в среднем демонстрируют указанные эффекты в рамках продукта. (На примере анализа данных из Citibank, Deutsche Bank.)"
53,Процесс,Agile / Scrum ритмы,"Результаты встреч используются как вход для следующих событий. Пояснение: по итогам каждой встречи фиксируются договорённости и достигнутые результаты, которые используются в качестве основы для последующих встреч и обсуждений. Это обеспечивает последовательность и структурированность работы. Пример: перед началом следующей встречи команда опирается на зафиксированные итоги предыдущей, а не восстанавливает договорённости по памяти.",Позволяет связать все элементы процесса.,Эффективность процесса,Встречи не влияют на реальную работу команды.,"Влияние на бизнес при ответе «Да»: Conversion of meeting outputs into next actions, Action Item Closure Rate и continuity of process. Это показывает, работают ли события как связанная система. Команды, которые придерживаются этой практики, в среднем демонстрируют указанные эффекты в рамках продукта. (На примере анализа данных из Citibank, Deutsche Bank.)"
54,Delivery,Планирование и приоритизация,"Существует единый бэклог работ, из которого команда берёт задачи.",Создаёт прозрачность работы команды.,"Прозрачность работ, предсказуемость поставки",Работа распределяется хаотично.,"Влияние на бизнес при ответе «Да»: Backlog integrity и доля работы, проходящей через единый поток. Это снижает незапланированную работу и повышает прозрачность приоритизации. Команды, которые придерживаются этой практики, в среднем демонстрируют указанные эффекты в рамках продукта. (На примере анализа данных из Citibank, Deutsche Bank.)"
55,Delivery,Планирование и приоритизация,Команда понимает причины текущих приоритетов задач.,Повышает осознанность команды.,"Поставленная бизнес-ценность, согласованность целей",Команда не понимает ценность выполняемых задач.,"Влияние на бизнес при ответе «Да»: Priority Understanding Rate и доля задач, для которых команда может объяснить бизнес-ценность. Это повышает качество локальных решений команды. Команды, которые придерживаются этой практики, в среднем демонстрируют указанные эффекты в рамках продукта. (На примере анализа данных из Citibank, Deutsche Bank.)"
56,Delivery,Планирование и приоритизация,"При выборе приоритетов используются критерии ценности, затрат или риска.",Позволяет принимать более рациональные решения.,"Возврат инвестиций, поставленная бизнес-ценность",Приоритеты определяются субъективно.,"Влияние на бизнес при ответе «Да»: Доля задач, приоритизированных по ценности, затратам и риску, а также value-weighted throughput. Для банка это даёт более понятную связь с Active Cards, Loan Portfolio или cost reduction. Команды, которые придерживаются этой практики, в среднем демонстрируют указанные эффекты в рамках продукта. (На примере анализа данных из Citibank, Deutsche Bank.)"
57,Delivery,Управление зависимостями,"Зависимости между задачами и командами фиксируются явно в трекере или на доске. Пояснение: связи между задачами и командами явно отражаются в системе управления задачами, чтобы было понятно, что от чего зависит и какие работы могут быть заблокированы. Используются стандартные типы связей и статусы зависимостей. Пример: в системе управления задачами указывается, что одна задача блокирует другую или связана с ней, что позволяет учитывать зависимости при планировании и выполнении работ.",Позволяет команде заранее учитывать внешние блокеры.,"Время выполнения, задержки из-за зависимостей",Зависимости обнаруживаются поздно и увеличивают сроки реализации.,"Влияние на бизнес при ответе «Да»: Dependency Visibility, Blocked Time и Dependency Delay. Явная фиксация зависимостей помогает снижать простои и срывы сроков. Команды, которые придерживаются этой практики, в среднем демонстрируют указанные эффекты в рамках продукта. (На примере анализа данных из Citibank, Deutsche Bank.)"
58,Delivery,Управление зависимостями,У каждой зависимости есть ответственный за её отслеживание и коммуникацию (менеджер продукта (dPO) или владелец продукта).,"Позволяет управлять зависимостями активно, а не реактивно.","Предсказуемость поставки, время разрешения зависимостей","Зависимости «висят в воздухе», задачи простаивают.","Влияние на бизнес при ответе «Да»: Owner coverage for dependencies и скорость эскалации проблем. Это уменьшает время ожидания ответа по внешним зависимостям. Команды, которые придерживаются этой практики, в среднем демонстрируют указанные эффекты в рамках продукта. (На примере анализа данных из Citibank, Deutsche Bank.)"
59,Delivery,Управление зависимостями,"Команда регулярно синхронизируется со смежными командами по ключевым зависимостям. Пояснение: участники команды напрямую взаимодействуют с коллегами из смежных команд по вопросам интеграций, зависимостей и связанных задач. Такое взаимодействие происходит регулярно и не ограничивается формальными встречами. Пример: разработчики разных команд самостоятельно связываются друг с другом, чтобы согласовать интеграцию или уточнить детали по зависимым задачам.",Помогает своевременно решать межкомандные блокеры.,"Время выполнения между командами, предсказуемость поставки",Межкомандные блокеры задерживают релизы и увеличивают Lead Time.,"Влияние на бизнес при ответе «Да»: Dependency sync cadence, cross-team lead time и blocked time. Регулярная синхронизация помогает раньше снимать риски по межкомандной работе. Команды, которые придерживаются этой практики, в среднем демонстрируют указанные эффекты в рамках продукта. (На примере анализа данных из Citibank, Deutsche Bank.)"
60,Delivery,Синхронизация и взаимодействие,"Есть регулярные встречи или каналы синхронизации со смежными командами, их менеджерами продукта (dPO) и владельцами продукта.",Поддерживает координацию в сложных системах.,Эффективность координации между командами,Информация о планах и изменениях доходит слишком поздно.,"Влияние на бизнес при ответе «Да»: Sync cadence adherence, Decision Turnaround Time и число зависимостей без канала коммуникации. Это влияет на скорость согласований и снижения простоя. Команды, которые придерживаются этой практики, в среднем демонстрируют указанные эффекты в рамках продукта. (На примере анализа данных из Citibank, Deutsche Bank.)"
61,Delivery,Синхронизация и взаимодействие,На встречах синхронизации фиксируются решения и договорённости.,Позволяет избегать разночтений и забытых договорённостей.,"Время принятия решений, надёжность исполнения",Команды по-разному понимают принятые решения.,"Влияние на бизнес при ответе «Да»: Decision logging rate, action item completion и time from discussion to execution. Зафиксированные договорённости снижают потери на повторные обсуждения. Команды, которые придерживаются этой практики, в среднем демонстрируют указанные эффекты в рамках продукта. (На примере анализа данных из Citibank, Deutsche Bank.)"
62,Delivery,Синхронизация и взаимодействие,Назначены контактные лица по ключевым направлениям взаимодействия между командами.,Ускоряет коммуникацию между командами.,Время ответа между командами,Коммуникация между командами замедляется.,"Влияние на бизнес при ответе «Да»: Contact coverage for interfaces и время поиска правильного контакта. Это помогает сокращать latency взаимодействия между командами. Команды, которые придерживаются этой практики, в среднем демонстрируют указанные эффекты в рамках продукта. (На примере анализа данных из Citibank, Deutsche Bank.)"
63,Delivery,Непрерывное улучшение процессов,Команда регулярно обсуждает улучшения процесса работы.,Позволяет адаптировать процесс под реальные проблемы.,"Темп улучшения процессов, время цикла",Процесс устаревает и перестаёт поддерживать эффективность команды.,"Влияние на бизнес при ответе «Да»: Improvement Discussion Cadence и количество инициатив по улучшению процесса. Важен не сам факт обсуждения, а его влияние на Cycle Time, Rework и качество поставки. Команды, которые придерживаются этой практики, в среднем демонстрируют указанные эффекты в рамках продукта. (На примере анализа данных из Citibank, Deutsche Bank.)"
64,Delivery,Непрерывное улучшение процессов,Идеи улучшений фиксируются в явном виде (доска улучшений или backlog).,Помогает не терять идеи изменений.,Темп экспериментов с процессами,Полезные идеи забываются и не реализуются.,"Влияние на бизнес при ответе «Да»: Visibility of improvements backlog, Action Item Closure Rate и доля улучшений, доведённых до внедрения. Это снижает риск забытых инициатив. Команды, которые придерживаются этой практики, в среднем демонстрируют указанные эффекты в рамках продукта. (На примере анализа данных из Citibank, Deutsche Bank.)"
65,Delivery,Непрерывное улучшение процессов,Команда измеряет влияние внедрённых изменений на метрики процесса.,"Позволяет понимать, работают ли изменения.","Время цикла, пропускная способность",Изменения внедряются без понимания эффекта.,"Влияние на бизнес при ответе «Да»: Impact of process changes on Cycle Time, Throughput, Rework Rate и Defect Rate. Это наиболее корректная бизнес-логика для вопроса про улучшения. Команды, которые придерживаются этой практики, в среднем демонстрируют указанные эффекты в рамках продукта. (На примере анализа данных из Citibank, Deutsche Bank.)"
66,Engineering,Definition of Ready (DoR),В команде определены и задокументированы критерии готовности задачи к разработке (DoR).,Помогает брать в работу только подготовленные задачи.,"Готовность задач, время цикла","В работу попадают плохо подготовленные задачи, увеличивается время разработки.","Влияние на бизнес при ответе «Да»: Story Readiness Rate и доля задач, стартующих без уточнений. Наличие DoR снижает риск старта плохо подготовленных задач. Команды, которые придерживаются этой практики, в среднем демонстрируют указанные эффекты в рамках продукта. (На примере анализа данных из Citibank, Deutsche Bank.)"
67,Engineering,Definition of Ready (DoR),Команда проверяет соответствие задач DoR перед началом разработки.,Снижает риск неопределённости в работе.,"Доля доработок, время выполнения",Задачи часто возвращаются на доработку требований.,"Влияние на бизнес при ответе «Да»: DoR Compliance Rate, Rework due to unclear requirements и spillover rate. Это один из лучших leading indicators качества подготовки работы. Команды, которые придерживаются этой практики, в среднем демонстрируют указанные эффекты в рамках продукта. (На примере анализа данных из Citibank, Deutsche Bank.)"
68,Engineering,Definition of Ready (DoR),Критерии DoR регулярно пересматриваются и обновляются командой.,Позволяет адаптировать процесс к изменениям.,Process Adaptability,DoR устаревает и перестаёт быть полезным.,"Влияние на бизнес при ответе «Да»: Relevance of DoR criteria, rework from requirement gaps и readiness quality over time. Обновление DoR оправдано, если оно улучшает predictability и снижает потери. Команды, которые придерживаются этой практики, в среднем демонстрируют указанные эффекты в рамках продукта. (На примере анализа данных из Citibank, Deutsche Bank.)"
69,Engineering,Definition of Done (DoD),В команде определено и задокументировано Definition of Done.,Формирует единое понимание завершённости работы.,"Метрики качества, дефекты ушедшие в прод",Задачи закрываются без одинаковых критериев качества.,"Влияние на бизнес при ответе «Да»: DoD Coverage и единое понимание качества результата. Для бизнеса это связано со снижением дефектов и повышением стабильности релизов. Команды, которые придерживаются этой практики, в среднем демонстрируют указанные эффекты в рамках продукта. (На примере анализа данных из Citibank, Deutsche Bank.)"
70,Engineering,Definition of Done (DoD),Команда проверяет соответствие задач DoD перед переводом их в статус Done.,Поддерживает стабильное качество поставки.,"Частота дефектов, стабильность релизов",Растёт количество дефектов после релиза.,"Влияние на бизнес при ответе «Да»: DoD Compliance Rate, Defect Escape Rate и reopened tasks rate. Это помогает оценить реальное соблюдение критериев завершённости. Команды, которые придерживаются этой практики, в среднем демонстрируют указанные эффекты в рамках продукта. (На примере анализа данных из Citibank, Deutsche Bank.)"
71,Engineering,Definition of Done (DoD),DoD регулярно пересматривается и обновляется командой.,Позволяет учитывать новые требования к качеству.,Темп улучшения качества,Критерии качества отстают от реальности.,"Влияние на бизнес при ответе «Да»: Актуальность DoD, release quality и повторяемость дефектов. Пересмотр DoD имеет смысл, если улучшает качество поставки. Команды, которые придерживаются этой практики, в среднем демонстрируют указанные эффекты в рамках продукта. (На примере анализа данных из Citibank, Deutsche Bank.)"
72,Engineering,Нефункциональные требования (NFR),"Для продукта определён набор нефункциональных требований (производительность, безопасность и т.д.).",Позволяет учитывать качество системы на уровне архитектуры.,"Производительность системы, инциденты безопасности",Проблемы производительности и безопасности обнаруживаются поздно.,"Влияние на бизнес при ответе «Да»: Наличие определённых NFR должно вести к отслеживанию Availability, Latency, Error Rate, Fraud Loss или Security Incidents. Для банковских продуктов это ближе к бизнесу, чем общие процессные KPI. Команды, которые придерживаются этой практики, в среднем демонстрируют указанные эффекты в рамках продукта. (На примере анализа данных из Citibank, Deutsche Bank.)"
73,Engineering,Нефункциональные требования (NFR),NFR задокументированы и доступны команде.,Обеспечивает единое понимание ограничений системы.,"Надёжность системы, соответствие SLA",Команда не учитывает требования к качеству.,"Влияние на бизнес при ответе «Да»: Accessibility of NFR, compliance rate и скорость принятия технических решений. Документированные NFR снижают риск разночтений и пропуска критичных требований. Команды, которые придерживаются этой практики, в среднем демонстрируют указанные эффекты в рамках продукта. (На примере анализа данных из Citibank, Deutsche Bank.)"
74,Engineering,Нефункциональные требования (NFR),"По ключевым NFR определены измеримые показатели (KPI, SLO) и они отслеживаются.",Позволяет контролировать качество системы.,"Задержка, частота ошибок, доступность",Ухудшение качества системы остаётся незамеченным.,"Влияние на бизнес при ответе «Да»: KPI и SLO по NFR: Availability, Latency, Error Rate, Security Incident Rate, Transaction Success Rate. Это один из самых прямых мостов от инженерной практики к бизнес-результату. Команды, которые придерживаются этой практики, в среднем демонстрируют указанные эффекты в рамках продукта. (На примере анализа данных из Citibank, Deutsche Bank.)"
75,Delivery,Здоровье бэклога,В бэклоге есть запас подготовленных задач как минимум на следующий спринт.,Позволяет планировать работу без спешки.,"Готовность бэклога, эффективность планирования спринта",Команда тратит время на срочное уточнение задач.,"Влияние на бизнес при ответе «Да»: Ready Backlog Coverage и риск простоя команды. Запас подготовленных задач снижает потери производительности и срывы старта спринта. Команды, которые придерживаются этой практики, в среднем демонстрируют указанные эффекты в рамках продукта. (На примере анализа данных из Citibank, Deutsche Bank.)"
76,Delivery,Здоровье бэклога,У большинства задач в верхней части бэклога есть acceptance criteria.,Помогает команде понимать ожидаемый результат.,"Ясность требований, частота дефектов",Ошибки из-за неполных требований.,"Влияние на бизнес при ответе «Да»: Доля задач с acceptance criteria, Rework Rate и Requirement Clarification Delay. Это улучшает качество выполнения и снижает переделки. Команды, которые придерживаются этой практики, в среднем демонстрируют указанные эффекты в рамках продукта. (На примере анализа данных из Citibank, Deutsche Bank.)"
77,Delivery,Здоровье бэклога,Refinement проводится регулярно по установленному ритму.,Поддерживает качество бэклога.,"Качество бэклога, эффективность планирования",Бэклог деградирует и становится непригодным для планирования.,"Влияние на бизнес при ответе «Да»: Refinement cadence, backlog readiness и planning interruption rate. Регулярный refinement поддерживает стабильный поток хорошо подготовленной работы. Команды, которые придерживаются этой практики, в среднем демонстрируют указанные эффекты в рамках продукта. (На примере анализа данных из Citibank, Deutsche Bank.)"
78,Delivery,User Story / Vertical Slicing,Команда использует единый шаблон для описания User Story.,Упрощает понимание задач.,Ясность требований,Разные задачи описаны по-разному и создают путаницу.,"Влияние на бизнес при ответе «Да»: Consistency of story quality и скорость понимания задачи командой. Сам шаблон важен не сам по себе, а как способ снизить ambiguity. Команды, которые придерживаются этой практики, в среднем демонстрируют указанные эффекты в рамках продукта. (На примере анализа данных из Citibank, Deutsche Bank.)"
79,Delivery,User Story / Vertical Slicing,Истории обычно нарезаются вертикально и дают end-to-end ценность.,Позволяет быстрее демонстрировать результат пользователю.,"Время реализации инициативы (эпика/истории), поставка ценности",Работа разбивается по слоям и не приносит ценности.,"Влияние на бизнес при ответе «Да»: Доля историй, дающих end-to-end ценность, Cycle Time per story и скорость получения обратной связи. Для бизнеса это ближе к Feature Adoption и faster time to value. Команды, которые придерживаются этой практики, в среднем демонстрируют указанные эффекты в рамках продукта. (На примере анализа данных из Citibank, Deutsche Bank.)"
80,Delivery,User Story / Vertical Slicing,Большинство историй можно продемонстрировать пользователю как завершённую ценность.,Помогает получать раннюю обратную связь.,"Внедрение эпиков и историй, время цикла обратной связи","Команда делает части системы, которые невозможно показать.","Влияние на бизнес при ответе «Да»: Demoable value rate, Feature Adoption Rate и time to validate released value. Если историю можно показать как завершённую ценность, проще измерить её продуктовый эффект. Команды, которые придерживаются этой практики, в среднем демонстрируют указанные эффекты в рамках продукта. (На примере анализа данных из Citibank, Deutsche Bank.)"
81,Delivery,Управление изменениями,В команде есть правила изменения требований в течение спринта.,Поддерживает стабильность планирования.,"Стабильность объёма, достижение цели спринта",План спринта постоянно меняется.,"Влияние на бизнес при ответе «Да»: Scope Change Rate внутри спринта и влияние изменений на predictability. Наличие правил помогает контролировать незапланированную работу. Команды, которые придерживаются этой практики, в среднем демонстрируют указанные эффекты в рамках продукта. (На примере анализа данных из Citibank, Deutsche Bank.)"
82,Delivery,Управление изменениями,Изменения требований фиксируются как новые элементы бэклога.,Обеспечивает прозрачность изменений.,Частота изменения объёма,Изменения теряются или выполняются хаотично.,"Влияние на бизнес при ответе «Да»: Traceability of changes, unplanned work ratio и backlog integrity. Фиксация изменений отдельными элементами позволяет видеть их реальную стоимость. Команды, которые придерживаются этой практики, в среднем демонстрируют указанные эффекты в рамках продукта. (На примере анализа данных из Citibank, Deutsche Bank.)"
83,Delivery,Управление изменениями,Команда оценивает влияние изменений на сроки и объём работы.,Позволяет принимать взвешенные решения.,Предсказуемость поставки,Изменения приводят к срыву сроков.,"Влияние на бизнес при ответе «Да»: Impact-assessed changes share, Plan vs Actual Variance и Delivery Predictability. Вопрос хорошо связывается со способностью управлять изменением без потери контроля. Команды, которые придерживаются этой практики, в среднем демонстрируют указанные эффекты в рамках продукта. (На примере анализа данных из Citibank, Deutsche Bank.)"
84,Transparency,Бэклог и прозрачность работы,Заказчик и владелец продукта имеют доступ к доске или бэклогу команды.,Повышает прозрачность работы команды.,Удовлетворённость заказчика и владельца продукта,Заказчик и владелец продукта не понимают статус работы.,"Влияние на бизнес при ответе «Да»: Stakeholder visibility и time to status access. Доступ к бэклогу повышает прозрачность и снижает нагрузку на ручные уточнения. Команды, которые придерживаются этой практики, в среднем демонстрируют указанные эффекты в рамках продукта. (На примере анализа данных из Citibank, Deutsche Bank.)"
85,Transparency,Бэклог и прозрачность работы,Статусы задач на доске регулярно обновляются.,Позволяет видеть реальное состояние работы.,Прозрачность работ,Информация о статусе устаревает.,"Влияние на бизнес при ответе «Да»: Status freshness, Time to Status Update и доля задач с актуальным состоянием. Это влияет на качество управленческих решений и ожиданий стейкхолдеров. Команды, которые придерживаются этой практики, в среднем демонстрируют указанные эффекты в рамках продукта. (На примере анализа данных из Citibank, Deutsche Bank.)"
86,Transparency,Бэклог и прозрачность работы,Команда регулярно демонстрирует прогресс и результат владельцу продукта и заказчику.,Поддерживает доверие к команде.,Доверие заказчика и владельца продукта,Заказчик и владелец продукта не видят результатов работы.,"Влияние на бизнес при ответе «Да»: Stakeholder feedback cycle, transparency score и скорость согласования следующих шагов. Регулярная демонстрация прогресса ускоряет обратную связь по ценности. Команды, которые придерживаются этой практики, в среднем демонстрируют указанные эффекты в рамках продукта. (На примере анализа данных из Citibank, Deutsche Bank.)"
87,Data,Метрики команды и продукта,"У команды есть набор процессных метрик (cycle time, throughput и др.).",Позволяет управлять эффективностью процесса.,"Время цикла, пропускная способность",Команда не понимает эффективность своей работы.,"Влияние на бизнес при ответе «Да»: Наличие и использование process metrics: Cycle Time, Throughput, WIP, Lead Time for Change. Эти метрики нужны как leading indicators бизнес-результата. Команды, которые придерживаются этой практики, в среднем демонстрируют указанные эффекты в рамках продукта. (На примере анализа данных из Citibank, Deutsche Bank.)"
88,Data,Метрики команды и продукта,"Команда отслеживает продуктовые метрики (например, конверсия, использование фич, удержание).",Позволяет измерять ценность продукта и видеть динамику изменений.,"Конверсия, внедрение фич",Команда не понимает влияние изменений на продукт.,"Влияние на бизнес при ответе «Да»: Наличие продуктовых метрик, релевантных конкретному продукту: Active Cards Rate, First Transaction Rate, Monthly Spend per Card, Approval Rate, Delinquency Rate, Feature Adoption. Это уже прямой слой связи с бизнесом. Команды, которые придерживаются этой практики, в среднем демонстрируют указанные эффекты в рамках продукта. (На примере анализа данных из Citibank, Deutsche Bank.)"
89,Data,Метрики команды и продукта,Метрики визуализированы на дашбордах и доступны команде.,Делает данные доступными для принятия решений. Примеры метрик на дашбордах — по релевантности продукта: продуктовые (конверсия, удержание, внедрение фич), процессные (время цикла, пропускная способность, WIP), технические и качества (ошибки, доступность, время отклика); необязательно все типы сразу.,Доступность данных,Команда принимает решения без данных.,"Влияние на бизнес при ответе «Да»: Dashboard availability, dashboard usage и скорость доступа к ключевым KPI. Визуализация повышает вероятность, что команда реально управляет метриками, а не просто собирает их. Команды, которые придерживаются этой практики, в среднем демонстрируют указанные эффекты в рамках продукта. (На примере анализа данных из Citibank, Deutsche Bank.)"
90,Data,Data-driven решения,Перед внедрением изменений команда формулирует гипотезу и метрики успеха.,Позволяет проверять влияние изменений.,Успешность экспериментов,Изменения внедряются без понимания эффекта.,"Влияние на бизнес при ответе «Да»: Hypothesis Coverage, наличие success metrics до запуска и последующий uplift в целевом KPI. Это базовая практика data-driven управления продуктом. Команды, которые придерживаются этой практики, в среднем демонстрируют указанные эффекты в рамках продукта. (На примере анализа данных из Citibank, Deutsche Bank.)"
91,Data,Data-driven решения,Команда проводит эксперименты (например A/B-тесты) для проверки идей.,Позволяет снижать риск неудачных решений.,Прирост конверсии в экспериментах,Эпики и истории внедряются без проверки гипотез.,"Влияние на бизнес при ответе «Да»: Experiment Velocity, доля идей, проверенных экспериментом, и измеренный uplift в целевой продуктовой метрике. Для карточного продукта это может быть uplift в активации или первой транзакции. Команды, которые придерживаются этой практики, в среднем демонстрируют указанные эффекты в рамках продукта. (На примере анализа данных из Citibank, Deutsche Bank.)"
92,Data,Data-driven решения,Команда анализирует результаты экспериментов и принимает решения на их основе.,Обеспечивает обучение на основе данных.,Темп улучшения продукта,Команда не учится на результатах изменений.,"Влияние на бизнес при ответе «Да»: Decision Quality after Experiment, experiment win rate и скорость перевода инсайта в решение. Это отражает, учится ли команда на данных и меняет ли продукт осознанно. Команды, которые придерживаются этой практики, в среднем демонстрируют указанные эффекты в рамках продукта. (На примере анализа данных из Citibank, Deutsche Bank.)"
93,Data,Отчётность и визуализация,У команды есть дашборды с ключевыми метриками и статусом работы.,Позволяет быстро понимать состояние продукта и процесса. Ключевые метрики могут включать, например, продуктовые KPI или North Star, показатели спринта или поставки (velocity, burndown, прогресс к цели спринта), качество (дефекты, инциденты). Статус работы — видимость по задачам или эпикам, блокеры, риски; набор подбирается под команду.,Эффективность отчётности,Данные собираются вручную и долго.,"Влияние на бизнес при ответе «Да»: Coverage of key dashboards, time to insight и доступность статуса работы и KPI в одном месте. Это повышает качество оперативного управления. Команды, которые придерживаются этой практики, в среднем демонстрируют указанные эффекты в рамках продукта. (На примере анализа данных из Citibank, Deutsche Bank.)"
94,Data,Отчётность и визуализация,Данные на дашбордах обновляются автоматически и регулярно.,Поддерживает актуальность информации.,Актуальность данных,Стейкхолдеры работают с устаревшими данными.,"Влияние на бизнес при ответе «Да»: Dashboard freshness, automated update rate и доверие к данным. Без актуальности дашбордов метрики перестают быть рабочим инструментом. Команды, которые придерживаются этой практики, в среднем демонстрируют указанные эффекты в рамках продукта. (На примере анализа данных из Citibank, Deutsche Bank.)"
95,Data,Отчётность и визуализация,Команда использует дашборды на встречах для обсуждения решений.,Делает обсуждение основанным на фактах.,Качество решений,Решения принимаются на основе мнений.,"Влияние на бизнес при ответе «Да»: Dashboard usage in meetings, decision latency и доля решений, принятых с опорой на метрики. Это хороший индикатор того, что визуализация реально используется в управлении. Команды, которые придерживаются этой практики, в среднем демонстрируют указанные эффекты в рамках продукта. (На примере анализа данных из Citibank, Deutsche Bank.)"
